lines_added,lines_deleted,code_churn,files_changed,functions_changed,num_directories_touched,is_test_file_modified,avg_lines_changed_per_file,max_lines_changed_in_single_file,num_source_files_changed,bug_introduced
1.5236463705682926,-0.6357437454609712,1.0020638937698396,1.3979880835365215,1.7264267120102499,1.4284153020515413,1.375342235612737,-0.36957198535840946,1.1360461367843067,1.8316381565183795,0
-1.000900519882548,-0.939771497346662,-1.4242112632638289,-0.927953961862197,-0.6720821787709943,-0.5589451181940814,-0.7270917551328482,-1.0067331962315236,-1.3679905617441543,-0.8325627984174453,0
-1.0557819740227836,-0.07112077767325978,-0.9830703256213437,0.23501706083716226,-0.6720821787709943,-0.5589451181940814,-0.7270917551328482,-0.8990610169257507,-1.046960215778967,0.49953767905046714,1
1.7431721871292352,-0.41858106554262065,1.32066568206719,1.3979880835365215,1.1267994893149387,3.4157757222971643,-0.7270917551328482,-0.2647226721767579,1.5212825519425315,1.1655879177844233,1
-0.2874416160594843,-0.8094738893956517,-0.7134841970620471,-0.927953961862197,-0.9718957901186498,-0.5589451181940814,1.375342235612737,0.16273991233305293,-0.43700255844511116,-0.8325627984174453,0
-0.2874416160594843,-0.939771497346662,-0.787007686669128,-0.3464684505125174,-0.0724549560756833,-0.5589451181940814,-0.7270917551328482,-0.5833032776133149,-0.7580329044102985,-0.16651255968348905,0
0.645543104324522,0.4935021901144517,0.855016914555678,0.23501706083716226,1.4266131006625942,1.4284153020515413,-0.7270917551328482,0.10910545597474657,0.23716116808178223,-0.16651255968348905,0
-0.6167303409008983,-0.5923112094773011,-0.8850390061452358,-0.3464684505125174,0.5271722666196277,-0.5589451181940814,-0.7270917551328482,-0.6639565954453547,-0.7901359390068172,-0.16651255968348905,0
-1.000900519882548,2.100506021510246,0.29133682756805795,1.3979880835365215,-0.0724549560756833,-0.5589451181940814,-0.7270917551328482,-0.6034666070713248,-0.1801782816729613,0.49953767905046714,0
-0.671611795041134,0.45006965413078154,-0.34586674902664283,-0.3464684505125174,-0.0724549560756833,-0.5589451181940814,-0.7270917551328482,-0.22036334736913596,-0.6296207660242236,-0.16651255968348905,0
-0.7813747033216053,0.9712600859348229,-0.14980411007442718,-0.927953961862197,-0.0724549560756833,-0.5589451181940814,-0.7270917551328482,1.0902530674015103,0.3013672372748197,-0.8325627984174453,0
-0.8911376116020766,1.6227481256898744,0.1197820184848693,0.23501706083716226,-0.0724549560756833,-0.5589451181940814,1.375342235612737,-0.2941611331854523,0.46188241025741333,-0.16651255968348905,0
2.5938347263028882,-0.939771497346662,1.7863144495787022,0.816502572186842,1.4266131006625942,-0.5589451181940814,-0.7270917551328482,0.16273991233305293,1.1360461367843067,-0.16651255968348905,0
-0.9734597928124301,0.10260936626142067,-0.8115155165381549,-0.927953961862197,-0.9718957901186498,-0.5589451181940814,-0.7270917551328482,0.0014332766689734112,-0.5654146968311861,-0.8325627984174453,0
0.041847108781929654,2.8388591332326376,1.6392674703645405,3.72393012893524,3.225494768748527,3.4157757222971643,-0.7270917551328482,-0.626049536064296,1.2002522059773442,3.8297888727202483,1
-0.2874416160594843,-0.939771497346662,-0.787007686669128,-0.927953961862197,-0.6720821787709943,-0.5589451181940814,1.375342235612737,0.041759935584993295,-0.5333116622346673,-0.8325627984174453,0
0.20649147120263664,-0.5054461375099609,-0.10078845033637328,-0.927953961862197,-0.6720821787709943,-0.5589451181940814,-0.7270917551328482,1.17090638523355,0.36557330646785713,-0.8325627984174453,1
0.3436951065532258,-0.28828345759161034,0.14428984835389627,-0.927953961862197,-0.3722685674233388,-0.5589451181940814,-0.7270917551328482,1.5741729743937487,0.6866036524330444,-0.8325627984174453,0
-1.0832227010929014,-0.7226088174283114,-1.3751956035257749,-0.3464684505125174,-0.9718957901186498,-0.5589451181940814,-0.7270917551328482,-1.0672231846055535,-1.3679905617441543,-0.8325627984174453,0
0.316254379483108,1.535883053722534,1.1491108729840014,0.23501706083716226,-0.0724549560756833,-0.5589451181940814,-0.7270917551328482,0.2704120916388261,0.3976763410643759,-0.16651255968348905,0
-0.06791579949854168,0.05917683027775056,-0.027264960729292416,-0.3464684505125174,0.22735865527197222,0.43473509192873,-0.7270917551328482,0.041759935584993295,-0.24438435086599875,-0.8325627984174453,1
-1.0832227010929014,1.6227481256898744,-0.05177279059831937,0.23501706083716226,0.8269858779672833,0.43473509192873,-0.7270917551328482,-0.38852551504893895,0.14085206429222602,-0.16651255968348905,1
-0.9734597928124301,-0.11455331365692989,-0.9340546658832897,0.23501706083716226,-0.6720821787709943,0.43473509192873,-0.7270917551328482,-0.8724454220411774,-1.1432693195685233,0.49953767905046714,0
-0.2600008889893665,-0.2014183856242701,-0.34586674902664283,-0.3464684505125174,0.8269858779672833,0.43473509192873,-0.7270917551328482,-0.22036334736913596,-0.693826835217261,-0.16651255968348905,0
0.7278652855348755,-0.3317159935752804,0.46289163665124666,-0.3464684505125174,-0.9718957901186498,-0.5589451181940814,1.375342235612737,0.4450265247451921,0.9434279292051944,-0.16651255968348905,0
-0.34232307019972,-0.41858106554262065,-0.5419293879788585,0.23501706083716226,-0.6720821787709943,1.4284153020515413,-0.7270917551328482,-0.6571010634296314,-0.2764873854625175,0.49953767905046714,0
-0.8636968845319588,0.623799798065462,-0.41939023863372366,-0.927953961862197,-0.6720821787709943,-0.5589451181940814,-0.7270917551328482,0.6466598193252915,-0.05176614328688636,-0.8325627984174453,0
2.7310383616534772,-0.37514852955895056,2.2274553872211875,1.9794735948862012,3.225494768748527,1.4284153020515413,-0.7270917551328482,-0.17318115643739262,1.0397370329947506,2.497688395252336,1
0.6729838313946398,-0.8094738893956517,0.14428984835389627,0.23501706083716226,-0.0724549560756833,1.4284153020515413,-0.7270917551328482,-0.2808533357431658,-0.43700255844511116,0.49953767905046714,1
-0.6167303409008983,1.058125157902163,0.046258528877788446,0.23501706083716226,-0.0724549560756833,0.43473509192873,-0.7270917551328482,-0.33448779210147217,-0.34069345465555495,-0.16651255968348905,1
-0.5618488867606627,-0.6791762814446414,-0.8850390061452358,-0.3464684505125174,-0.6720821787709943,-0.5589451181940814,1.375342235612737,-0.6639565954453547,-0.8864450427963734,-0.16651255968348905,0
0.8650689208854646,-0.939771497346662,0.24232116783000407,-0.3464684505125174,0.22735865527197222,-0.5589451181940814,-0.7270917551328482,0.26355655962310265,-0.34069345465555495,-0.16651255968348905,0
-0.34232307019972,-0.548878673493631,-0.6154528775859393,1.3979880835365215,0.22735865527197222,-0.5589451181940814,1.375342235612737,-0.9018838830498721,-0.7259298698137797,1.8316381565183795,0
0.7827467396751111,-0.4620136015262908,0.4383838067822197,0.816502572186842,-0.6720821787709943,1.4284153020515413,-0.7270917551328482,-0.39175164776222043,-0.21228131626948002,0.49953767905046714,0
-0.9185783386721945,0.14604190224509078,-0.737992026931074,-0.3464684505125174,-0.9718957901186498,-0.5589451181940814,-0.7270917551328482,-0.542976618697295,-0.693826835217261,-0.8325627984174453,1
1.7980536412694712,-0.5923112094773011,1.271650022329136,0.23501706083716226,0.22735865527197222,-0.5589451181940814,1.375342235612737,0.33735434543941895,1.0718400675912692,-0.16651255968348905,0
0.2339321982727545,0.5369347260981218,0.5119072963893005,-0.927953961862197,0.22735865527197222,-0.5589451181940814,-0.7270917551328482,2.179072858134047,1.1681491713808254,-0.8325627984174453,0
-0.671611795041134,-0.8963389613629918,-1.1056094749664784,-0.3464684505125174,0.22735865527197222,0.43473509192873,-0.7270917551328482,-0.8454265605674441,-0.9827541465859296,-0.16651255968348905,0
-1.0283412469526658,-0.548878673493631,-1.228148624311613,-0.3464684505125174,-0.3722685674233388,0.43473509192873,1.375342235612737,-0.9462432078574938,-1.3037844925511168,-0.8325627984174453,0
0.7553060126049933,-0.939771497346662,0.14428984835389627,-0.3464684505125174,0.5271722666196277,-0.5589451181940814,-0.7270917551328482,0.18290324179106288,0.1087490296957073,-0.8325627984174453,0
0.014406381711811822,-0.07112077767325978,-0.027264960729292416,1.9794735948862012,0.5271722666196277,0.43473509192873,1.375342235612737,-0.7917921042091376,-0.34069345465555495,1.8316381565183795,0
2.154783093181003,-0.8529064253793218,1.4432048314123247,0.23501706083716226,-0.0724549560756833,1.4284153020515413,-0.7270917551328482,0.4317187273029056,0.42977937566089464,0.49953767905046714,1
-0.7264932491813697,-0.027688241689589665,-0.6644685373239932,-0.927953961862197,-0.6720821787709943,-0.5589451181940814,-0.7270917551328482,0.2433932301650927,-0.3727964892520737,-0.8325627984174453,0
1.0571540103762895,0.9278275499511528,1.4677126612813518,0.816502572186842,0.22735865527197222,1.4284153020515413,1.375342235612737,0.03167827085598832,2.0028280708903123,1.1655879177844233,0
-0.6990525221112518,-0.5054461375099609,-0.9095468360142628,0.816502572186842,-0.3722685674233388,0.43473509192873,1.375342235612737,-0.9462432078574938,-1.1111662849720045,1.1655879177844233,0
-1.000900519882548,1.883343341591895,0.16879767822292321,-0.3464684505125174,0.22735865527197222,-0.5589451181940814,-0.7270917551328482,0.20306657124907282,-0.019663108690367633,-0.16651255968348905,1
-0.6167303409008983,0.4935021901144517,-0.27234325941956194,-0.3464684505125174,-0.3722685674233388,-0.5589451181940814,1.375342235612737,-0.15987335899510613,-0.3085904200590362,-0.16651255968348905,0
-0.9185783386721945,2.274236165444926,0.46289163665124666,-0.3464684505125174,0.22735865527197222,0.43473509192873,-0.7270917551328482,0.4450265247451921,0.3976763410643759,-0.16651255968348905,1
-1.0832227010929014,-0.4620136015262908,-1.228148624311613,-0.927953961862197,-0.6720821787709943,-0.5589451181940814,1.375342235612737,-0.6841199249033646,-1.1111662849720045,-0.8325627984174453,0
-0.06791579949854168,2.751994061265297,1.4922204911503787,-0.927953961862197,0.22735865527197222,-0.5589451181940814,-0.7270917551328482,3.792139214774842,2.452270555241575,-0.8325627984174453,1
0.041847108781929654,-0.4620136015262908,-0.22332759968150803,0.816502572186842,0.22735865527197222,-0.5589451181940814,-0.7270917551328482,-0.6639565954453547,-0.693826835217261,0.49953767905046714,1
-1.000900519882548,-0.41858106554262065,-1.1301173048355053,-0.927953961862197,-0.9718957901186498,-0.5589451181940814,-0.7270917551328482,-0.522813289239285,-0.9827541465859296,-0.8325627984174453,1
-0.0953565265686595,-0.8963389613629918,-0.5909450477169124,0.23501706083716226,-0.0724549560756833,-0.5589451181940814,-0.7270917551328482,-0.6841199249033646,-0.5333116622346673,-0.16651255968348905,0
-0.836256157461841,-0.8094738893956517,-1.2036407944425862,-0.3464684505125174,-0.6720821787709943,-0.5589451181940814,1.375342235612737,-0.9260798783994839,-1.2074753887615608,-0.16651255968348905,0
-0.671611795041134,-0.3317159935752804,-0.787007686669128,-0.3464684505125174,-0.0724549560756833,-0.5589451181940814,-0.7270917551328482,-0.5833032776133149,-1.046960215778967,-0.16651255968348905,0
0.9748318291659359,-0.8094738893956517,0.4138759769131928,-0.927953961862197,-0.6720821787709943,-0.5589451181940814,-0.7270917551328482,2.0177662224699673,1.0397370329947506,-0.8325627984174453,1
-0.8636968845319588,-0.2014183856242701,-0.8850390061452358,-0.927953961862197,-0.9718957901186498,-0.5589451181940814,-0.7270917551328482,-0.11954670007908624,-0.6617238006207423,-0.8325627984174453,0
-0.6990525221112518,0.7106648700328022,-0.22332759968150803,-0.927953961862197,-0.9718957901186498,-0.5589451181940814,-0.7270917551328482,0.9692730906534506,0.2050581334852635,-0.8325627984174453,1
1.825494368339589,1.6661806616735446,2.570565005387565,-0.927953961862197,-0.0724549560756833,-0.5589451181940814,-0.7270917551328482,5.566512207079717,3.864804077488399,-0.8325627984174453,0
-0.6441710679710162,-0.11455331365692989,-0.6399607074549662,-0.927953961862197,-0.9718957901186498,-0.5589451181940814,-0.7270917551328482,0.2837198890811126,-0.34069345465555495,-0.8325627984174453,0
0.1790507441325188,-0.41858106554262065,-0.07628062046734632,0.23501706083716226,-0.9718957901186498,-0.5589451181940814,1.375342235612737,-0.4018333124912254,-0.24438435086599875,0.49953767905046714,0
-0.013034345358306009,-0.7660413534119815,-0.44389806850275065,0.23501706083716226,0.22735865527197222,0.43473509192873,-0.7270917551328482,-0.6034666070713248,-0.5333116622346673,-0.16651255968348905,0
-0.0953565265686595,-0.07112077767325978,-0.12529628020540023,-0.927953961862197,-0.9718957901186498,-0.5589451181940814,1.375342235612737,1.1305797263175301,0.33347027187133843,-0.8325627984174453,0
-0.23256016191924866,-0.548878673493631,-0.5174215581098315,0.23501706083716226,-0.0724549560756833,-0.5589451181940814,-0.7270917551328482,-0.6437932659873448,-0.4691055930416299,0.49953767905046714,0
-0.671611795041134,-0.24485092160794023,-0.737992026931074,0.816502572186842,0.22735865527197222,0.43473509192873,-0.7270917551328482,-0.875671554754459,-1.0148571811824483,1.1655879177844233,0
-0.8088154303917231,1.1015576938858331,-0.10078845033637328,-0.927953961862197,-0.3722685674233388,-0.5589451181940814,1.375342235612737,1.17090638523355,0.36557330646785713,-0.8325627984174453,0
1.5236463705682926,0.3632045821634413,1.5657439807574596,1.9794735948862012,2.0262403233579054,4.409455932419975,-0.7270917551328482,-0.3546511215594821,1.4249734481529752,1.8316381565183795,0
0.7278652855348755,-0.2014183856242701,0.5364151262583275,1.3979880835365215,1.7264267120102499,3.4157757222971643,-0.7270917551328482,-0.522813289239285,-0.14807524707644257,1.1655879177844233,1
-1.0832227010929014,2.100506021510246,0.21781333796097713,-0.3464684505125174,-0.9718957901186498,-0.5589451181940814,1.375342235612737,0.2433932301650927,-0.3727964892520737,-0.8325627984174453,1
-0.20511943484913084,-0.6791762814446414,-0.5664372178478854,0.23501706083716226,0.22735865527197222,-0.5589451181940814,1.375342235612737,-0.670812127461078,-0.34069345465555495,-0.16651255968348905,0
0.2613729253428723,-0.5054461375099609,-0.05177279059831937,-0.3464684505125174,-0.6720821787709943,-0.5589451181940814,1.375342235612737,0.021596606126983352,0.07664599509918857,-0.16651255968348905,1
-0.2874416160594843,-0.41858106554262065,-0.49291372824080454,-0.3464684505125174,-0.6720821787709943,-0.5589451181940814,1.375342235612737,-0.3413433241171956,-0.3727964892520737,-0.16651255968348905,0
0.1790507441325188,-0.8963389613629918,-0.34586674902664283,-0.3464684505125174,-0.9718957901186498,-0.5589451181940814,1.375342235612737,-0.22036334736913596,-0.5975177314277048,-0.16651255968348905,0
-0.2600008889893665,1.6661806616735446,0.7079699353415162,1.3979880835365215,1.7264267120102499,0.43473509192873,-0.7270917551328482,-0.4663559667568573,0.7829127562226007,1.8316381565183795,1
0.645543104324522,-0.7226088174283114,0.16879767822292321,0.23501706083716226,0.8269858779672833,0.43473509192873,1.375342235612737,-0.2675455383008793,0.2050581334852635,-0.16651255968348905,0
0.6729838313946398,1.1015576938858331,1.2226343625910823,2.560959106235881,3.225494768748527,-0.5589451181940814,1.375342235612737,-0.5574942159070622,0.46188241025741333,2.497688395252336,0
-0.8088154303917231,-0.24485092160794023,-0.8605311762762089,-0.927953961862197,-0.9718957901186498,-0.5589451181940814,-0.7270917551328482,-0.07922004116306636,-0.6296207660242236,-0.8325627984174453,0
-0.8911376116020766,-0.8529064253793218,-1.277164284049667,-0.927953961862197,0.5271722666196277,-0.5589451181940814,-0.7270917551328482,-0.7647732427354044,-1.175372354165042,-0.8325627984174453,0
0.3436951065532258,-0.8529064253793218,-0.17431193994345415,0.23501706083716226,-0.9718957901186498,0.43473509192873,1.375342235612737,-0.4554677688495318,0.1087490296957073,0.49953767905046714,1
-0.8911376116020766,-0.6357437454609712,-1.1546251347045322,-0.3464684505125174,-0.6720821787709943,0.43473509192873,-0.7270917551328482,-0.885753219483464,-1.1432693195685233,-0.16651255968348905,0
-0.5618488867606627,-0.548878673493631,-0.8115155165381549,-0.927953961862197,-0.3722685674233388,-0.5589451181940814,-0.7270917551328482,0.0014332766689734112,-0.5654146968311861,-0.8325627984174453,0
-0.2874416160594843,0.7540974060164723,0.16879767822292321,-0.927953961862197,-0.9718957901186498,-0.5589451181940814,-0.7270917551328482,1.6144996333097685,0.7187066870295632,-0.8325627984174453,0
-0.671611795041134,0.10260936626142067,-0.5419293879788585,-0.927953961862197,-0.0724549560756833,-0.5589451181940814,-0.7270917551328482,0.4450265247451921,-0.21228131626948002,-0.8325627984174453,1
-0.5892896138307805,-0.6791762814446414,-0.9095468360142628,-0.927953961862197,-0.9718957901186498,-0.5589451181940814,-0.7270917551328482,-0.15987335899510613,-0.693826835217261,-0.8325627984174453,1
-0.04047507242842384,0.10260936626142067,0.02175069900876149,0.816502572186842,-0.3722685674233388,-0.5589451181940814,1.375342235612737,-0.563139948155305,0.36557330646785713,1.1655879177844233,0
-0.7813747033216053,-0.41858106554262065,-0.9340546658832897,0.23501706083716226,0.5271722666196277,0.43473509192873,-0.7270917551328482,-0.8724454220411774,-1.0790632503754858,-0.16651255968348905,0
1.990138730760296,-0.027688241689589665,1.7618066197096751,1.9794735948862012,3.225494768748527,-0.5589451181940814,-0.7270917551328482,-0.3010166652011757,0.6866036524330444,2.497688395252336,1
0.810187466745229,-0.7660413534119815,0.29133682756805795,0.816502572186842,0.22735865527197222,0.43473509192873,-0.7270917551328482,-0.4522416361362503,-0.14807524707644257,-0.16651255968348905,1
0.09672856292216532,1.058125157902163,0.6834621054724892,-0.3464684505125174,-0.3722685674233388,-0.5589451181940814,1.375342235612737,0.6264964898672816,0.5260884794504508,-0.8325627984174453,0
-0.12279725363877735,-0.8094738893956517,-0.5664372178478854,-0.927953961862197,-0.9718957901186498,-0.5589451181940814,-0.7270917551328482,0.4046998658291722,-0.24438435086599875,-0.8325627984174453,0
0.7553060126049933,0.015744294294080446,0.6834621054724892,-0.3464684505125174,-0.3722685674233388,-0.5589451181940814,-0.7270917551328482,0.6264964898672816,0.5902945486434883,-0.16651255968348905,0
-0.9185783386721945,0.14604190224509078,-0.737992026931074,0.23501706083716226,0.8269858779672833,-0.5589451181940814,1.375342235612737,-0.7647732427354044,-1.046960215778967,0.49953767905046714,1
-0.671611795041134,-0.548878673493631,-0.9095468360142628,-0.927953961862197,-0.6720821787709943,-0.5589451181940814,-0.7270917551328482,-0.15987335899510613,-0.693826835217261,-0.8325627984174453,0
3.6640230820374837,-0.8963389613629918,2.7666276443397804,-0.3464684505125174,-0.3722685674233388,-0.5589451181940814,1.375342235612737,2.3403794937981264,3.736391939102324,-0.16651255968348905,1
0.480898741903815,-0.41858106554262065,0.19330550809195016,0.816502572186842,0.5271722666196277,2.422095512174353,1.375342235612737,-0.4925682950522702,-0.4048995238485924,1.1655879177844233,0
3.5542601737570125,-0.8529064253793218,2.6931041547326995,0.816502572186842,-0.0724549560756833,2.422095512174353,1.375342235612737,0.5357615073062368,1.938622001697275,0.49953767905046714,1
1.4138834622878214,0.4935021901144517,1.5412361508884327,-0.927953961862197,0.22735865527197222,-0.5589451181940814,-0.7270917551328482,3.872792532606882,2.5164766244346124,-0.8325627984174453,1
-0.7264932491813697,-0.5923112094773011,-0.9830703256213437,-0.927953961862197,-0.9718957901186498,-0.5589451181940814,-0.7270917551328482,-0.2808533357431658,-0.7901359390068172,-0.8325627984174453,0
-0.8636968845319588,0.05917683027775056,-0.737992026931074,-0.927953961862197,-0.9718957901186498,-0.5589451181940814,1.375342235612737,0.12241325341703306,-0.4691055930416299,-0.8325627984174453,0
-0.0953565265686595,0.40663711814711145,0.14428984835389627,-0.3464684505125174,-0.6720821787709943,0.43473509192873,-0.7270917551328482,0.18290324179106288,-0.43700255844511116,-0.16651255968348905,0
-0.506967432620427,-0.8094738893956517,-0.9095468360142628,-0.3464684505125174,-0.0724549560756833,0.43473509192873,1.375342235612737,-0.6841199249033646,-0.8864450427963734,-0.16651255968348905,0
-0.9460190657423123,-0.37514852955895056,-1.0565938152284244,-0.927953961862197,-0.9718957901186498,-0.5589451181940814,1.375342235612737,-0.4018333124912254,-0.8864450427963734,-0.8325627984174453,0
-0.23256016191924866,-0.8529064253793218,-0.6889763671930201,-0.927953961862197,-0.9718957901186498,-0.5589451181940814,-0.7270917551328482,0.20306657124907282,-0.4048995238485924,-0.8325627984174453,0
-0.7813747033216053,1.014692621918493,-0.12529628020540023,0.23501706083716226,0.5271722666196277,-0.5589451181940814,-0.7270917551328482,-0.4288521739649588,-0.3727964892520737,0.49953767905046714,0
1.1120354645165251,-0.6357437454609712,0.6344464457344353,0.23501706083716226,1.1267994893149387,-0.5589451181940814,1.375342235612737,-0.011874520773313081,-0.05176614328688636,-0.16651255968348905,0
-0.671611795041134,-0.2014183856242701,-0.7134841970620471,-0.3464684505125174,-0.0724549560756833,-0.5589451181940814,-0.7270917551328482,-0.522813289239285,-0.6296207660242236,-0.8325627984174453,0
-0.34232307019972,1.6227481256898744,0.6099386158654084,1.3979880835365215,0.8269858779672833,-0.5589451181940814,1.375342235612737,-0.4986172938896731,0.5260884794504508,1.1655879177844233,1
-0.12279725363877735,1.9267758775755652,0.9775560639008127,-0.3464684505125174,-0.9718957901186498,0.43473509192873,1.375342235612737,0.8684564433634009,0.9434279292051944,-0.16651255968348905,0
-0.9734597928124301,-0.6791762814446414,-1.2526564541806402,-0.927953961862197,-0.3722685674233388,-0.5589451181940814,-0.7270917551328482,-0.7244465838193845,-1.1432693195685233,-0.8325627984174453,0
2.758479088723595,-0.8963389613629918,1.9578692586618909,1.3979880835365215,0.22735865527197222,1.4284153020515413,-0.7270917551328482,-0.05502404581345437,2.034931105486831,-0.16651255968348905,0
1.3590020081475855,0.015744294294080446,1.2226343625910823,0.816502572186842,1.1267994893149387,0.43473509192873,-0.7270917551328482,-0.06913837643406139,0.7187066870295632,1.1655879177844233,0
0.20649147120263664,-0.939771497346662,-0.34586674902664283,-0.927953961862197,0.22735865527197222,-0.5589451181940814,-0.7270917551328482,0.7676397960733512,0.04454296050266983,-0.8325627984174453,0
-1.0557819740227836,1.492450517738864,-0.10078845033637328,0.23501706083716226,0.22735865527197222,1.4284153020515413,-0.7270917551328482,-0.4151411099335119,-0.21228131626948002,0.49953767905046714,0
-0.8088154303917231,0.9712600859348229,-0.17431193994345415,0.816502572186842,0.5271722666196277,2.422095512174353,1.375342235612737,-0.6437932659873448,-0.14807524707644257,1.1655879177844233,1
-0.8088154303917231,0.7975299420001425,-0.27234325941956194,1.3979880835365215,0.22735865527197222,-0.5589451181940814,1.375342235612737,-0.7889692380850162,-0.3085904200590362,1.8316381565183795,0
-0.8911376116020766,0.2763395101961011,-0.6399607074549662,-0.927953961862197,-0.6720821787709943,-0.5589451181940814,-0.7270917551328482,0.2837198890811126,-0.34069345465555495,-0.8325627984174453,1
1.5510870976384104,-0.4620136015262908,1.1246030431149745,0.23501706083716226,0.5271722666196277,0.43473509192873,-0.7270917551328482,0.25670102760737923,1.457076482749494,0.49953767905046714,0
-0.45208597848019133,-0.8529064253793218,-0.8850390061452358,0.23501706083716226,0.22735865527197222,1.4284153020515413,-0.7270917551328482,-0.8454265605674441,-0.9185480773928921,0.49953767905046714,1
-0.31488234312960217,0.7540974060164723,0.14428984835389627,1.3979880835365215,1.7264267120102499,0.43473509192873,-0.7270917551328482,-0.6518585977705487,-0.11597221247992383,1.1655879177844233,0
2.648716180443124,0.015744294294080446,2.374502366435349,1.9794735948862012,2.9256811574008714,2.422095512174353,1.375342235612737,-0.13285449752137274,0.9755309638017131,2.497688395252336,0
1.3864427352177033,-0.8094738893956517,0.7814934249485971,0.23501706083716226,-0.9718957901186498,1.4284153020515413,-0.7270917551328482,0.06877879705872668,0.7187066870295632,0.49953767905046714,0
-0.6441710679710162,2.4479663093796065,0.806001254817624,1.9794735948862012,2.326053934705561,0.43473509192873,1.375342235612737,-0.563139948155305,0.622397583240007,2.497688395252336,0
-0.7264932491813697,-0.8529064253793218,-1.1301173048355053,-0.927953961862197,-0.9718957901186498,-0.5589451181940814,-0.7270917551328482,-0.522813289239285,-0.9827541465859296,-0.8325627984174453,0
0.5357801960440507,0.6672323340491321,0.855016914555678,-0.927953961862197,-0.9718957901186498,-0.5589451181940814,1.375342235612737,2.743646082958325,1.6175916557320877,-0.8325627984174453,0
-1.0557819740227836,1.5793155897062043,-0.05177279059831937,-0.3464684505125174,-0.6720821787709943,-0.5589451181940814,-0.7270917551328482,0.021596606126983352,-0.2764873854625175,-0.16651255968348905,0
-0.23256016191924866,-0.11455331365692989,-0.27234325941956194,-0.3464684505125174,-0.6720821787709943,-0.5589451181940814,-0.7270917551328482,-0.15987335899510613,-0.2764873854625175,-0.16651255968348905,0
0.09672856292216532,-0.11455331365692989,0.02175069900876149,-0.3464684505125174,-0.0724549560756833,0.43473509192873,1.375342235612737,0.08208659450101317,-0.2764873854625175,-0.16651255968348905,1
-0.23256016191924866,0.232906974212431,-0.07628062046734632,0.816502572186842,0.8269858779672833,-0.5589451181940814,1.375342235612737,-0.6034666070713248,-0.1801782816729613,0.49953767905046714,0
1.4138834622878214,-0.11455331365692989,1.1981265327220552,3.72393012893524,3.5253083800961824,0.43473509192873,-0.7270917551328482,-0.7067028538963357,1.8102098633112,3.163738633986292,1
-0.20511943484913084,-0.5054461375099609,-0.4684058983717776,-0.927953961862197,-0.6720821787709943,-0.5589451181940814,1.375342235612737,0.5660065014932518,-0.11597221247992383,-0.8325627984174453,1
-0.12279725363877735,-0.5054461375099609,-0.3948824087646967,0.816502572186842,0.8269858779672833,1.4284153020515413,1.375342235612737,-0.7345282485483895,-0.43700255844511116,-0.8325627984174453,0
-0.7264932491813697,-0.7226088174283114,-1.0565938152284244,-0.927953961862197,-0.9718957901186498,-0.5589451181940814,-0.7270917551328482,-0.4018333124912254,-0.8864450427963734,-0.8325627984174453,0
-0.9460190657423123,1.014692621918493,-0.27234325941956194,-0.3464684505125174,-0.6720821787709943,0.43473509192873,1.375342235612737,-0.15987335899510613,-0.6296207660242236,-0.8325627984174453,0
0.2339321982727545,-0.4620136015262908,-0.05177279059831937,0.23501706083716226,1.4266131006625942,-0.5589451181940814,-0.7270917551328482,-0.38852551504893895,-0.14807524707644257,0.49953767905046714,0
-0.06791579949854168,-0.5923112094773011,-0.3948824087646967,0.816502572186842,0.22735865527197222,-0.5589451181940814,1.375342235612737,-0.7345282485483895,-0.4048995238485924,0.49953767905046714,0
-0.506967432620427,-0.548878673493631,-0.762499856800101,-0.927953961862197,-0.9718957901186498,-0.5589451181940814,-0.7270917551328482,0.08208659450101317,-0.5012086276381487,-0.8325627984174453,0
-0.9734597928124301,0.05917683027775056,-0.8360233464071819,-0.927953961862197,-0.9718957901186498,-0.5589451181940814,-0.7270917551328482,-0.03889338224704647,-0.5975177314277048,-0.8325627984174453,0
1.4413241893579392,-0.6791762814446414,0.9040325742937318,-0.927953961862197,-0.6720821787709943,-0.5589451181940814,-0.7270917551328482,2.8242994007903652,1.6817977249251252,-0.8325627984174453,1
0.014406381711811822,-0.8094738893956517,-0.44389806850275065,-0.3464684505125174,-0.3722685674233388,-0.5589451181940814,-0.7270917551328482,-0.3010166652011757,-0.43700255844511116,-0.16651255968348905,0
-0.177678707779013,0.2763395101961011,-0.0027571308602654626,-0.3464684505125174,-0.0724549560756833,0.43473509192873,-0.7270917551328482,0.06192326504300324,0.04454296050266983,-0.16651255968348905,0
-0.5892896138307805,-0.8529064253793218,-1.0075781554903707,-0.3464684505125174,-0.6720821787709943,0.43473509192873,-0.7270917551328482,-0.7647732427354044,-1.0790632503754858,-0.16651255968348905,1
-0.9734597928124301,1.1449902298695034,-0.22332759968150803,-0.927953961862197,-0.0724549560756833,-0.5589451181940814,-0.7270917551328482,0.9692730906534506,0.2050581334852635,-0.8325627984174453,0
-0.23256016191924866,-0.548878673493631,-0.5174215581098315,0.23501706083716226,0.5271722666196277,-0.5589451181940814,-0.7270917551328482,-0.6437932659873448,-0.5012086276381487,0.49953767905046714,0
2.291986728531592,-0.1579858496406,1.9578692586618909,0.816502572186842,2.0262403233579054,-0.5589451181940814,-0.7270917551328482,0.23331156543608775,1.6496946903286065,0.49953767905046714,1
-0.177678707779013,-0.548878673493631,-0.4684058983717776,-0.927953961862197,-0.3722685674233388,-0.5589451181940814,1.375342235612737,0.5660065014932518,-0.11597221247992383,-0.8325627984174453,0
-0.7813747033216053,-0.2014183856242701,-0.8115155165381549,-0.927953961862197,-0.0724549560756833,-0.5589451181940814,-0.7270917551328482,0.0014332766689734112,-0.5654146968311861,-0.8325627984174453,0
0.480898741903815,-0.548878673493631,0.1197820184848693,-0.3464684505125174,-0.3722685674233388,0.43473509192873,-0.7270917551328482,0.16273991233305293,-0.14807524707644257,-0.8325627984174453,1
-0.8636968845319588,-0.11455331365692989,-0.8360233464071819,-0.927953961862197,-0.3722685674233388,-0.5589451181940814,-0.7270917551328482,-0.03889338224704647,-0.5975177314277048,-0.8325627984174453,1
-0.9460190657423123,-0.11455331365692989,-0.9095468360142628,-0.3464684505125174,0.5271722666196277,0.43473509192873,-0.7270917551328482,-0.6841199249033646,-0.8864450427963734,-0.16651255968348905,1
-0.5618488867606627,-0.24485092160794023,-0.6399607074549662,-0.3464684505125174,-0.3722685674233388,-0.5589451181940814,-0.7270917551328482,-0.46232330086525525,-0.43700255844511116,-0.16651255968348905,0
0.041847108781929654,0.05917683027775056,0.0707663587468154,-0.927953961862197,-0.6720821787709943,-0.5589451181940814,1.375342235612737,1.453192997645689,0.5902945486434883,-0.8325627984174453,0
-0.31488234312960217,0.5803672620817919,0.046258528877788446,0.23501706083716226,-0.3722685674233388,0.43473509192873,1.375342235612737,-0.33448779210147217,0.2050581334852635,-0.16651255968348905,0
-0.6167303409008983,-0.28828345759161034,-0.7134841970620471,-0.927953961862197,-0.9718957901186498,-0.5589451181940814,-0.7270917551328482,0.16273991233305293,-0.43700255844511116,-0.8325627984174453,0
-1.0283412469526658,-0.3317159935752804,-1.1056094749664784,-0.3464684505125174,0.22735865527197222,0.43473509192873,-0.7270917551328482,-0.8454265605674441,-1.175372354165042,-0.8325627984174453,0
1.9352572766200602,-0.8529064253793218,1.2471421924601092,0.816502572186842,0.8269858779672833,-0.5589451181940814,-0.7270917551328482,-0.059056711705056414,0.46188241025741333,1.1655879177844233,0
-0.9734597928124301,-0.37514852955895056,-1.0811016450974513,-0.927953961862197,-0.6720821787709943,-0.5589451181940814,-0.7270917551328482,-0.4421599714072453,-0.9185480773928921,-0.8325627984174453,0
-0.4795267055503092,-0.28828345759161034,-0.5909450477169124,0.23501706083716226,-0.0724549560756833,1.4284153020515413,1.375342235612737,-0.6841199249033646,-0.7259298698137797,-0.8325627984174453,1
-0.8088154303917231,0.2763395101961011,-0.5664372178478854,0.23501706083716226,-0.3722685674233388,-0.5589451181940814,-0.7270917551328482,-0.670812127461078,-0.6617238006207423,-0.16651255968348905,0
0.3436951065532258,-0.6791762814446414,-0.07628062046734632,0.23501706083716226,-0.6720821787709943,-0.5589451181940814,-0.7270917551328482,-0.4018333124912254,-0.3727964892520737,-0.16651255968348905,0
2.8682419970040667,-0.5054461375099609,2.2764710469592413,1.9794735948862012,1.1267994893149387,-0.5589451181940814,1.375342235612737,-0.15987335899510613,0.8792218600121569,1.8316381565183795,0
0.5906616501842863,0.1894744382287609,0.6344464457344353,-0.3464684505125174,-0.6720821787709943,-0.5589451181940814,-0.7270917551328482,0.5861698309512617,0.5581915140469695,-0.16651255968348905,0
1.6882907329889996,-0.07112077767325978,1.4677126612813518,0.23501706083716226,0.5271722666196277,-0.5589451181940814,1.375342235612737,0.4450265247451921,1.6175916557320877,0.49953767905046714,0
-1.000900519882548,-0.939771497346662,-1.4242112632638289,-0.927953961862197,-0.9718957901186498,-0.5589451181940814,-0.7270917551328482,-1.0067331962315236,-1.3679905617441543,-0.8325627984174453,0
-0.6167303409008983,-0.5923112094773011,-0.8850390061452358,0.23501706083716226,0.22735865527197222,1.4284153020515413,-0.7270917551328482,-0.8454265605674441,-1.1111662849720045,-0.16651255968348905,0
-0.9460190657423123,-0.3317159935752804,-1.0320859853593976,-0.927953961862197,-0.6720821787709943,-0.5589451181940814,-0.7270917551328482,-0.36150665357520556,-0.8543420081998546,-0.8325627984174453,0
1.5785278247085284,-0.11455331365692989,1.345173511936217,1.9794735948862012,2.326053934705561,1.4284153020515413,1.375342235612737,-0.4151411099335119,0.46188241025741333,2.497688395252336,0
-0.013034345358306009,0.7975299420001425,0.4383838067822197,0.23501706083716226,-0.9718957901186498,0.43473509192873,1.375342235612737,-0.11954670007908624,0.33347027187133843,-0.16651255968348905,0
-0.34232307019972,6.139731867991567,3.158752922244211,1.9794735948862012,2.9256811574008714,-0.5589451181940814,1.375342235612737,0.08208659450101317,3.2869494547510616,1.8316381565183795,1
-1.000900519882548,-0.28828345759161034,-1.0565938152284244,-0.3464684505125174,-0.9718957901186498,-0.5589451181940814,-0.7270917551328482,-0.8050999016514242,-1.2074753887615608,-0.8325627984174453,0
0.12416928999228315,-0.939771497346662,-0.41939023863372366,1.3979880835365215,-0.3722685674233388,1.4284153020515413,1.375342235612737,-0.8373612287842401,-0.4691055930416299,1.1655879177844233,0
-0.7813747033216053,-0.37514852955895056,-0.9095468360142628,-0.927953961862197,-0.3722685674233388,-0.5589451181940814,-0.7270917551328482,-0.15987335899510613,-0.693826835217261,-0.8325627984174453,0
-1.0557819740227836,-0.7226088174283114,-1.350687773656748,-0.927953961862197,-0.9718957901186498,-0.5589451181940814,-0.7270917551328482,-0.885753219483464,-1.271681457954598,-0.8325627984174453,0
-0.8088154303917231,-0.939771497346662,-1.2526564541806402,-0.927953961862197,-0.3722685674233388,-0.5589451181940814,-0.7270917551328482,-0.7244465838193845,-1.1432693195685233,-0.8325627984174453,1
1.9352572766200602,2.0570734855265753,2.889166793684915,2.560959106235881,2.326053934705561,0.43473509192873,1.375342235612737,-0.16551909124334893,1.457076482749494,2.497688395252336,1
1.30412055400735,2.230803629461256,2.423518026173403,-0.927953961862197,0.22735865527197222,-0.5589451181940814,1.375342235612737,5.324552253583597,3.6721858699092866,-0.8325627984174453,1
-0.20511943484913084,0.31977204617977123,-0.0027571308602654626,0.816502572186842,-0.0724549560756833,0.43473509192873,-0.7270917551328482,-0.57322161288431,0.04454296050266983,-0.16651255968348905,0
-0.15023798070889516,-0.07112077767325978,-0.17431193994345415,-0.927953961862197,-0.0724549560756833,-0.5589451181940814,1.375342235612737,1.0499264084854905,0.269264202678301,-0.8325627984174453,0
-0.5892896138307805,-0.8963389613629918,-1.0320859853593976,-0.927953961862197,-0.0724549560756833,-0.5589451181940814,-0.7270917551328482,-0.36150665357520556,-0.8543420081998546,-0.8325627984174453,0
0.5357801960440507,-0.8529064253793218,-0.0027571308602654626,-0.3464684505125174,-0.3722685674233388,-0.5589451181940814,-0.7270917551328482,0.06192326504300324,-0.5012086276381487,-0.16651255968348905,0
-0.31488234312960217,-0.939771497346662,-0.8115155165381549,0.23501706083716226,-0.9718957901186498,0.43473509192873,1.375342235612737,-0.8050999016514242,-0.8543420081998546,-0.16651255968348905,0
0.45345801483369713,-0.939771497346662,-0.12529628020540023,0.23501706083716226,0.22735865527197222,0.43473509192873,-0.7270917551328482,-0.4288521739649588,-0.3085904200590362,0.49953767905046714,1
-1.0832227010929014,-0.8963389613629918,-1.4732269230018826,-0.927953961862197,-0.9718957901186498,-0.5589451181940814,-0.7270917551328482,-1.0873865140635635,-1.4321966309371919,-0.8325627984174453,0
0.041847108781929654,1.3187203738041837,0.7814934249485971,0.23501706083716226,2.0262403233579054,1.4284153020515413,-0.7270917551328482,0.06877879705872668,-0.14807524707644257,0.49953767905046714,0
-0.836256157461841,1.883343341591895,0.31584465743708495,-0.3464684505125174,-0.6720821787709943,0.43473509192873,-0.7270917551328482,0.32404654799713245,0.04454296050266983,-0.8325627984174453,1
1.1943576457268785,-0.5923112094773011,0.7324777652105432,0.816502572186842,2.0262403233579054,2.422095512174353,1.375342235612737,-0.2707716710141608,0.07664599509918857,1.1655879177844233,0
0.014406381711811822,-0.7660413534119815,-0.41939023863372366,0.816502572186842,-0.0724549560756833,0.43473509192873,1.375342235612737,-0.7446099132773945,-0.14807524707644257,1.1655879177844233,0
-0.6990525221112518,-0.548878673493631,-0.9340546658832897,-0.927953961862197,-0.9718957901186498,-0.5589451181940814,-0.7270917551328482,-0.20020001791112602,-0.7259298698137797,-0.8325627984174453,1
-0.9460190657423123,3.0994543491346582,0.9040325742937318,0.23501706083716226,0.8269858779672833,-0.5589451181940814,-0.7270917551328482,0.13572105085931954,0.8471188254156381,-0.16651255968348905,0
-0.8636968845319588,0.31977204617977123,-0.5909450477169124,-0.3464684505125174,-0.9718957901186498,0.43473509192873,-0.7270917551328482,-0.42199664194923536,-0.8543420081998546,-0.16651255968348905,0
-0.7264932491813697,-0.8963389613629918,-1.1546251347045322,-0.927953961862197,-0.6720821787709943,-0.5589451181940814,-0.7270917551328482,-0.563139948155305,-1.0148571811824483,-0.8325627984174453,0
-0.4246452514100735,1.7096131976572146,0.5854307859963814,-0.927953961862197,-0.3722685674233388,-0.5589451181940814,-0.7270917551328482,2.3000528348821065,1.2644582751703817,-0.8325627984174453,0
0.7278652855348755,0.3632045821634413,0.855016914555678,0.23501706083716226,-0.0724549560756833,-0.5589451181940814,-0.7270917551328482,0.10910545597474657,0.9755309638017131,0.49953767905046714,0
-1.000900519882548,-0.8963389613629918,-1.3997034333948017,-0.927953961862197,-0.9718957901186498,-0.5589451181940814,-0.7270917551328482,-0.9664065373155037,-1.3358875271476356,-0.8325627984174453,0
0.7004245584647576,0.40663711814711145,0.855016914555678,-0.927953961862197,-0.6720821787709943,-0.5589451181940814,-0.7270917551328482,2.743646082958325,1.6175916557320877,-0.8325627984174453,0
-0.7264932491813697,0.4935021901144517,-0.37037457889566977,-0.927953961862197,-0.9718957901186498,-0.5589451181940814,1.375342235612737,0.7273131371573313,0.0124399259061511,-0.8325627984174453,0
-0.8636968845319588,0.7975299420001425,-0.3213589191576159,3.1424446175855607,1.4266131006625942,-0.5589451181940814,-0.7270917551328482,-0.9563248725864988,-0.05176614328688636,2.497688395252336,1
-1.0557819740227836,-0.8094738893956517,-1.3997034333948017,-0.3464684505125174,-0.6720821787709943,-0.5589451181940814,1.375342235612737,-1.0873865140635635,-1.400093596340673,-0.16651255968348905,0
1.30412055400735,0.232906974212431,1.2961578521981632,-0.927953961862197,-0.0724549560756833,-0.5589451181940814,-0.7270917551328482,3.4695259434466834,2.195446278469425,-0.8325627984174453,1
-0.7539339762514875,0.623799798065462,-0.3213589191576159,0.816502572186842,0.8269858779672833,0.43473509192873,-0.7270917551328482,-0.7042832543613745,-0.34069345465555495,1.1655879177844233,1
-0.5892896138307805,-0.37514852955895056,-0.737992026931074,-0.927953961862197,-0.3722685674233388,-0.5589451181940814,-0.7270917551328482,0.12241325341703306,-0.4691055930416299,-0.8325627984174453,0
1.0022725562360537,-0.24485092160794023,0.7569855950795701,3.1424446175855607,3.5253083800961824,5.403136142542787,1.375342235612737,-0.7345282485483895,1.2644582751703817,3.8297888727202483,1
0.5083394689739328,-0.5923112094773011,0.1197820184848693,-0.3464684505125174,0.5271722666196277,0.43473509192873,-0.7270917551328482,0.16273991233305293,-0.05176614328688636,-0.16651255968348905,1
0.8376281938153468,-0.41858106554262065,0.5119072963893005,0.23501706083716226,0.22735865527197222,0.43473509192873,1.375342235612737,-0.07922004116306636,-0.2764873854625175,0.49953767905046714,0
-1.0283412469526658,-0.939771497346662,-1.4487190931328557,-0.927953961862197,-0.3722685674233388,-0.5589451181940814,-0.7270917551328482,-1.0470598551475436,-1.400093596340673,-0.8325627984174453,0
0.014406381711811822,1.058125157902163,0.6099386158654084,0.23501706083716226,1.1267994893149387,-0.5589451181940814,-0.7270917551328482,-0.02558558480475998,0.17295509888874477,0.49953767905046714,0
0.151610017062401,-0.939771497346662,-0.3948824087646967,-0.927953961862197,-0.3722685674233388,-0.5589451181940814,1.375342235612737,0.6869864782413114,-0.019663108690367633,-0.8325627984174453,0
-1.0832227010929014,-0.5923112094773011,-1.301672113918694,-0.3464684505125174,0.22735865527197222,-0.5589451181940814,1.375342235612737,-1.0067331962315236,-1.3037844925511168,-0.8325627984174453,0
0.0692878358520475,1.362152909787854,0.830509084686651,2.560959106235881,0.5271722666196277,0.43473509192873,1.375342235612737,-0.6494389982355875,1.103943102187788,2.497688395252336,0
-0.3697637972698378,1.1015576938858331,0.29133682756805795,0.23501706083716226,0.22735865527197222,-0.5589451181940814,-0.7270917551328482,-0.20020001791112602,0.23716116808178223,0.49953767905046714,0
-0.8088154303917231,-0.8963389613629918,-1.228148624311613,-0.927953961862197,-0.9718957901186498,-0.5589451181940814,1.375342235612737,-0.6841199249033646,-1.1111662849720045,-0.8325627984174453,0
-0.7264932491813697,-0.6357437454609712,-1.0075781554903707,-0.927953961862197,-0.6720821787709943,-0.5589451181940814,1.375342235612737,-0.3211799946591857,-0.822238973603336,-0.8325627984174453,1
-0.15023798070889516,3.9681050688080606,2.1049162378760524,0.23501706083716226,-0.6720821787709943,-0.5589451181940814,1.375342235612737,0.7946586575470845,0.8150157908191195,0.49953767905046714,0
1.6059685517786462,-0.7226088174283114,1.0265717236388665,-0.927953961862197,-0.9718957901186498,-0.5589451181940814,-0.7270917551328482,3.0259326953704644,1.8423128979077188,-0.8325627984174453,0
1.1669169186567607,-0.4620136015262908,0.7814934249485971,-0.927953961862197,-0.6720821787709943,-0.5589451181940814,-0.7270917551328482,2.6226661062102656,1.5212825519425315,-0.8325627984174453,0
1.3590020081475855,-0.8963389613629918,0.7079699353415162,0.23501706083716226,-0.0724549560756833,1.4284153020515413,-0.7270917551328482,0.028452138142706803,0.9434279292051944,0.49953767905046714,1
2.511512545092535,-0.8963389613629918,1.7372987898406482,-0.3464684505125174,-0.9718957901186498,-0.5589451181940814,1.375342235612737,1.493519656561709,1.713900759521644,-0.8325627984174453,0
2.5389532721626527,-0.3317159935752804,2.0804084080070258,3.1424446175855607,2.625867546053216,-0.5589451181940814,1.375342235612737,-0.46232330086525525,1.9707250362937938,1.8316381565183795,0
1.3864427352177033,-0.8963389613629918,0.7324777652105432,0.816502572186842,-0.0724549560756833,-0.5589451181940814,1.375342235612737,-0.2707716710141608,0.0124399259061511,1.1655879177844233,0
-1.0557819740227836,-0.7226088174283114,-1.350687773656748,-0.3464684505125174,-0.3722685674233388,-0.5589451181940814,-0.7270917551328482,-1.0470598551475436,-1.3037844925511168,-0.8325627984174453,0
-0.3972045243399557,0.45006965413078154,-0.10078845033637328,-0.3464684505125174,-0.6720821787709943,-0.5589451181940814,1.375342235612737,-0.01873005278903653,0.07664599509918857,-0.16651255968348905,0
-0.013034345358306009,0.05917683027775056,0.02175069900876149,0.23501706083716226,-0.0724549560756833,0.43473509192873,1.375342235612737,-0.34819885613291907,0.23716116808178223,0.49953767905046714,1
0.3985765606934615,0.4935021901144517,0.6344464457344353,0.816502572186842,-0.6720821787709943,-0.5589451181940814,-0.7270917551328482,-0.31109832993018066,0.622397583240007,0.49953767905046714,1
0.7278652855348755,-0.939771497346662,0.1197820184848693,-0.927953961862197,-0.3722685674233388,-0.5589451181940814,1.375342235612737,1.5338463154777289,0.6545006178365257,-0.8325627984174453,0
-0.06791579949854168,-0.28828345759161034,-0.22332759968150803,-0.3464684505125174,-0.6720821787709943,-0.5589451181940814,-0.7270917551328482,-0.11954670007908624,-0.5333116622346673,-0.8325627984174453,0
0.014406381711811822,-0.11455331365692989,-0.05177279059831937,0.23501706083716226,-0.3722685674233388,1.4284153020515413,1.375342235612737,-0.38852551504893895,-0.0838691778834051,-0.16651255968348905,0
-0.8911376116020766,0.14604190224509078,-0.7134841970620471,-0.927953961862197,-0.9718957901186498,-0.5589451181940814,-0.7270917551328482,0.16273991233305293,-0.43700255844511116,-0.8325627984174453,0
0.20649147120263664,-0.548878673493631,-0.12529628020540023,-0.3464684505125174,-0.9718957901186498,-0.5589451181940814,-0.7270917551328482,-0.03889338224704647,-0.5654146968311861,-0.16651255968348905,0
-1.0557819740227836,-0.8529064253793218,-1.4242112632638289,-0.927953961862197,-0.9718957901186498,-0.5589451181940814,-0.7270917551328482,-1.0067331962315236,-1.3679905617441543,-0.8325627984174453,1
-0.4795267055503092,-0.4620136015262908,-0.6889763671930201,-0.927953961862197,-0.3722685674233388,-0.5589451181940814,-0.7270917551328482,0.20306657124907282,-0.4048995238485924,-0.8325627984174453,1
-0.4795267055503092,-0.8529064253793218,-0.9095468360142628,-0.3464684505125174,-0.6720821787709943,-0.5589451181940814,-0.7270917551328482,-0.6841199249033646,-1.1111662849720045,-0.16651255968348905,0
-1.0557819740227836,0.232906974212431,-0.8115155165381549,-0.927953961862197,-0.9718957901186498,-0.5589451181940814,-0.7270917551328482,0.0014332766689734112,-0.5654146968311861,-0.8325627984174453,0
0.5632209231141685,2.751994061265297,2.0559005781379986,2.560959106235881,0.22735865527197222,4.409455932419975,-0.7270917551328482,-0.36150665357520556,2.0991371746798686,1.8316381565183795,1
-0.2874416160594843,-0.8963389613629918,-0.762499856800101,-0.927953961862197,-0.9718957901186498,-0.5589451181940814,-0.7270917551328482,0.08208659450101317,-0.5012086276381487,-0.8325627984174453,0
1.990138730760296,1.7096131976572146,2.7421198144707533,0.816502572186842,0.8269858779672833,-0.5589451181940814,-0.7270917551328482,0.5559248367642468,2.452270555241575,1.1655879177844233,0
0.8925096479555824,-0.548878673493631,0.4873994665202736,1.3979880835365215,0.22735865527197222,2.422095512174353,1.375342235612737,-0.538943952805693,0.46188241025741333,1.8316381565183795,1
1.1943576457268785,-0.11455331365692989,1.0020638937698396,0.816502572186842,1.1267994893149387,-0.5589451181940814,-0.7270917551328482,-0.15987335899510613,0.04454296050266983,0.49953767905046714,0
-0.6990525221112518,-0.07112077767325978,-0.6644685373239932,-0.927953961862197,-0.0724549560756833,-0.5589451181940814,-0.7270917551328482,0.2433932301650927,-0.3727964892520737,-0.8325627984174453,0
-0.6441710679710162,-0.41858106554262065,-0.8115155165381549,-0.927953961862197,-0.3722685674233388,-0.5589451181940814,-0.7270917551328482,0.0014332766689734112,-0.5654146968311861,-0.8325627984174453,0
-0.671611795041134,-0.6791762814446414,-0.9830703256213437,-0.3464684505125174,-0.9718957901186498,-0.5589451181940814,-0.7270917551328482,-0.7446099132773945,-1.175372354165042,-0.16651255968348905,0
1.0022725562360537,0.31977204617977123,1.0755873833769205,1.3979880835365215,2.625867546053216,1.4284153020515413,-0.7270917551328482,-0.34537599000879765,0.9755309638017131,1.8316381565183795,1
